{
    "rmse": 0.8771179935765393,
    "r2": 0.23133768683542477
}